<?xml version="1.0" encoding="ISO-8859-1" ?>
<rss version="2.0" xmlns:content="http://purl.org/rss/1.0/modules/content/" xmlns:wfw="http://wellformedweb.org/CommentAPI/" xmlns:dc="http://purl.org/dc/elements/1.1/" xmlns:atom="http://www.w3.org/2005/Atom" xmlns:sy="http://purl.org/rss/1.0/modules/syndication/" xmlns:media="http://search.yahoo.com/mrss/">
<channel>
<title>Sylhet Weather Data</title>
<description>Weather data from sylhet.</description>
<link>weather.shparvez.net</link>
<item>
<title>Sylhet Weather Data</title>
<description>Weather data from sylhet.</description>
<link>weather.shparvez.net</link>
</item>
<item>
<title>Sylhet Weather Data</title>
<description>Weather data from sylhet.</description>
<link>weather.shparvez.net</link>
</item>
</channel>
</rss>