<xml xmlns:o="urn:schemas-microsoft-com:office:office">
 <o:MainFile HRef="../index.html"/>
 <o:File HRef="image329.gif"/>
 <o:File HRef="image348.gif"/>
 <o:File HRef="image350.gif"/>
 <o:File HRef="image351.gif"/>
 <o:File HRef="image359.gif"/>
 <o:File HRef="image368.gif"/>
 <o:File HRef="image401.wmz"/>
 <o:File HRef="image398.gif"/>
 <o:File HRef="image408.wmz"/>
 <o:File HRef="image4081.gif"/>
 <o:File HRef="image415.gif"/>
 <o:File HRef="image405.gif"/>
 <o:File HRef="filelist.xml"/>
</xml>